type,bbox,interactivity,content,source,ID
text,"[0.4697916805744171, 0.07870370149612427, 0.5406249761581421, 0.09907407313585281]",False,Unreal Project Browser,box_ocr_content_ocr,0
text,"[0.6151041388511658, 0.26759257912635803, 0.6703125238418579, 0.29629629850387573]",False,Third Person,box_ocr_content_ocr,1
text,"[0.659375011920929, 0.5, 0.7093750238418579, 0.520370364189148]",False,Target Platform,box_ocr_content_ocr,2
text,"[0.21562500298023224, 0.7592592835426331, 0.26875001192092896, 0.779629647731781]",False,Project Location,box_ocr_content_ocr,3
text,"[0.26875001192092896, 0.7592592835426331, 0.3270833194255829, 0.7777777910232544]",False,E:\UnrealProjects,box_ocr_content_ocr,4
text,"[0.6177083253860474, 0.7592592835426331, 0.6614583134651184, 0.779629647731781]",False,Project Name,box_ocr_content_ocr,5
text,"[0.6875, 0.9009259343147278, 0.9822916388511658, 0.9370370507240295]",False,OSMARTPOLY.TEACHABLE.COM,box_ocr_content_ocr,6
icon,"[0.20240239799022675, 0.2134018838405609, 0.3647223114967346, 0.31453579664230347]",True,GAMES ,box_yolo_content_ocr,7
icon,"[0.4257652163505554, 0.25964584946632385, 0.4846722483634949, 0.4119117856025696]",True,Virtual Reality ,box_yolo_content_ocr,8
icon,"[0.36815744638442993, 0.2611590325832367, 0.4269203841686249, 0.41046446561813354]",True,Handheld AR ,box_yolo_content_ocr,9
icon,"[0.4844905734062195, 0.10847022384405136, 0.5425416827201843, 0.2589047849178314]",True,hird Perso ,box_yolo_content_ocr,10
icon,"[0.36904817819595337, 0.11078187078237534, 0.42618951201438904, 0.2585185468196869]",True,Blank ,box_yolo_content_ocr,11
icon,"[0.2029760777950287, 0.10607285052537918, 0.36280909180641174, 0.20495857298374176]",True,RECENT PROJECTS ,box_yolo_content_ocr,12
icon,"[0.20278668403625488, 0.3119160830974579, 0.36462581157684326, 0.5053098797798157]",True,FILM/VIDEO& LIVE EVENTS ARCHITECTURES ,box_yolo_content_ocr,13
icon,"[0.20259876549243927, 0.5989162921905518, 0.3650642931461334, 0.7146636843681335]",True,SIMULATION ,box_yolo_content_ocr,14
icon,"[0.7105675935745239, 0.4962623417377472, 0.7745095491409302, 0.518151044845581]",True,Desktop ,box_yolo_content_ocr,15
icon,"[0.646213173866272, 0.4566890001296997, 0.7103233337402344, 0.4831302762031555]",True,BLUEPRINT ,box_yolo_content_ocr,16
icon,"[0.20381680130958557, 0.5068543553352356, 0.36408767104148865, 0.6026758551597595]",True,AUTOMOTIVE PRODUCT DESIGN& MANUFACTURING ,box_yolo_content_ocr,17
icon,"[0.6140944361686707, 0.2785196006298065, 0.8039982914924622, 0.44167980551719666]",True,The third person pack featu template map co ntains several objects that t Project Defaults ,box_yolo_content_ocr,18
icon,"[0.48450055718421936, 0.258716881275177, 0.5438553690910339, 0.41024407744407654]",True,Vehicle ,box_yolo_content_ocr,19
icon,"[0.710540235042572, 0.5232647657394409, 0.7748275995254517, 0.547080934047699]",True,Maximum ,box_yolo_content_ocr,20
icon,"[0.9497116208076477, 0.0037234306801110506, 0.9894474148750305, 0.08368586748838425]",True,Recycle Bin ,box_yolo_content_ocr,21
icon,"[0.7305929064750671, 0.5438215732574463, 0.901450514793396, 0.5786095261573792]",True,Maximum quality - High-end features default to enabled ,box_yolo_content_ocr,22
icon,"[0.5426932573318481, 0.10813448578119278, 0.6012095808982849, 0.25834786891937256]",True,op Dowr ,box_yolo_content_ocr,23
icon,"[0.6612085700035095, 0.7549830079078674, 0.8074666261672974, 0.7783091068267822]",True,MyProject ,box_yolo_content_ocr,24
icon,"[0.7680155038833618, 0.8301272988319397, 0.807530403137207, 0.8521096110343933]",True,Cancel ,box_yolo_content_ocr,25
icon,"[0.7233420610427856, 0.8298541307449341, 0.7627653479576111, 0.8515164852142334]",True,Create ,box_yolo_content_ocr,26
icon,"[0.6592954397201538, 0.5486855506896973, 0.7128667235374451, 0.5722579956054688]",True,Starter Content ,box_yolo_content_ocr,27
icon,"[0.6612333655357361, 0.5221416354179382, 0.7106484174728394, 0.5485562682151794]",True,Quality Preset ,box_yolo_content_ocr,28
icon,"[0.6738378405570984, 0.5759716033935547, 0.7097770571708679, 0.5945067405700684]",True,Raytracing ,box_yolo_content_ocr,29
icon,"[0.4258437156677246, 0.10982930660247803, 0.48444509506225586, 0.25889351963996887]",True,Video Player,box_yolo_content_yolo,30
icon,"[0.6140501499176025, 0.10868953913450241, 0.8053438663482666, 0.2620876729488373]",True,A construction site.,box_yolo_content_yolo,31
icon,"[0.5798726677894592, 0.7593285441398621, 0.5909539461135864, 0.7772847414016724]",True,File Name,box_yolo_content_yolo,32
icon,"[0.7939139008522034, 0.06925512105226517, 0.8136476278305054, 0.10220541805028915]",True,Close,box_yolo_content_yolo,33
icon,"[0.7717195749282837, 0.06931179016828537, 0.7922489047050476, 0.10090893507003784]",True,Maximize,box_yolo_content_yolo,34
icon,"[0.7517725825309753, 0.06958332657814026, 0.7700507044792175, 0.10021533817052841]",True,Minimize,box_yolo_content_yolo,35
icon,"[0.7079257965087891, 0.4575226604938507, 0.7730709314346313, 0.48268625140190125]",True,Ohm (Ohm),box_yolo_content_yolo,36
icon,"[0.1962669938802719, 0.07319234311580658, 0.21149267256259918, 0.10338319092988968]",True,Wellington,box_yolo_content_yolo,37
icon,"[0.7110549807548523, 0.5766490697860718, 0.7221914529800415, 0.5944974422454834]",True,Empty rectangle,box_yolo_content_yolo,38
icon,"[0.7112938165664673, 0.5532588362693787, 0.7212129235267639, 0.5694945454597473]",True,Maximize window.,box_yolo_content_yolo,39
icon,"[0.9921140074729919, 0.0012478934368118644, 1.0, 0.08023817092180252]",True,View as lower as lower level (⌘N),box_yolo_content_yolo,40
